"","q2_2019$member_casual","q2_2019$day_of_week","q2_2019$tripduration"
"1","casual","Sunday",2493.03133297929
"2","member","Sunday",1007.51475261008
"3","casual","Monday",2667.36786469345
"4","member","Monday",877.927062073515
"5","casual","Tuesday",2427.2892228739
"6","member","Tuesday",862.020213806476
"7","casual","Wednesday",3117.4335074327
"8","member","Wednesday",725.719879154079
"9","casual","Thursday",8025.0602739726
"10","member","Thursday",720.587906162574
"11","casual","Friday",3593.56711111111
"12","member","Friday",833.325127362917
"13","casual","Saturday",3619.19105623227
"14","member","Saturday",1018.86103244737
